_id,category,name,photos,url
,"Hd blue wallpapers,film photography images,analogue photography images,film images,Nature images,outdoor images,Hd holiday wallpapers,seaside images,frame images,sea images,text images,page images,People images & pictures,human images,white board images,outdoors images,Creative Commons images images,Hq background images,Hd grey wallpapers,outdoor images,photo images,human images,Hd grey wallpapers,Light backgrounds,bokeh images,Hq background images",white and red polka dot frame,https://images.unsplash.com/photo-1602230167211-dfcbd679ed00?q=80&w=3201&auto=format&fit=crop&ixlib=rb-4.0.3&ixid=M3wxMjA3fDB8MHxwaG90by1wYWdlfHx8fGVufDB8fHx8fA%3D%3D,https://unsplash.com/photos/white-and-red-polka-dot-frame-_PshNniKRy8
,"film images,movie images,Hd red wallpapers,video images,audiovisueel images,audiovisuell images,8mm film images,movierol images,movies images,8mm movie images,films images,filmrol images,moviereel images,filmreel images,videography images,wheel images,machine images,reel images,Public domain images images,Instagram pictures & photos,Hd grey wallpapers,Texture backgrounds,film images,Hd grey wallpapers,Hd red wallpapers,human images,film images,indoor images",a close up of a reel of film,https://images.unsplash.com/photo-1543536448-d209d2d13a1c?q=80&w=3370&auto=format&fit=crop&ixlib=rb-4.0.3&ixid=M3wxMjA3fDB8MHxwaG90by1wYWdlfHx8fGVufDB8fHx8fA%3D%3D,https://unsplash.com/photos/a-close-up-of-a-reel-of-film-tV80374iytg
,"film photography images,analogue photography images,acting images,director images,set images,movies images,Hd tv wallpapers,media images,film images,People images & pictures,human images,advertisement images,poster images,Paper backgrounds,brochure images,flyer images,text images,HD Wallpapers images,Hq background images,Hd wallpapers,plant images,acting images,human images,film images,musical instrument images,Music images & pictures,Hd grey wallpapers",a woman holding a clapper over her face,https://images.unsplash.com/photo-1594909122845-11baa439b7bf?q=80&w=3456&auto=format&fit=crop&ixlib=rb-4.0.3&ixid=M3wxMjA3fDB8MHxwaG90by1wYWdlfHx8fGVufDB8fHx8fA%3D%3D,https://unsplash.com/photos/a-woman-holding-a-clapper-over-her-face-A-obUh61bKw
,"studio images,photography images,film images,Hd blue wallpapers,equipment images,flash images,softbox images,lighting images,Light backgrounds,shoot images,production images,Website backgrounds,photo images,video images,indoor images,Hd black wallpapers,room images,Light backgrounds,scene images,lab images,HD Wallpapers images,tradekraft images,electronic images,Hd grey wallpapers,Whale pictures & images,Hq background images,Hd wallpapers,studio images,Music images & pictures,Hd grey wallpapers",camera studio set up,https://images.unsplash.com/photo-1471341971476-ae15ff5dd4ea?q=80&w=4459&auto=format&fit=crop&ixlib=rb-4.0.3&ixid=M3wxMjA3fDB8MHxwaG90by1wYWdlfHx8fGVufDB8fHx8fA%3D%3D,https://unsplash.com/photos/camera-studio-set-up-aS4Duj2j7r4
,"photography images,dark black images,films images,black camera images,props images,camera images,aperture images,film aesthetic images,camera in background images,film images,antique images,kodak images,objetivo images,vintage camera images,camera lens images,negative images,photographic film images,35 mm images,analog images,electronics images,Free pictures images,jsb images,pessoa images,povo images,len images,electronic images,camera images,rt-objetivo images,tecnología images,cámara images",an old fashioned camera next to an empty bottle,https://plus.unsplash.com/premium_photo-1667538960104-25726d82a6e5?q=80&w=4518&auto=format&fit=crop&ixlib=rb-4.0.3&ixid=M3wxMjA3fDB8MHxwaG90by1wYWdlfHx8fGVufDB8fHx8fA%3D%3D,https://unsplash.com/photos/an-old-fashioned-camera-next-to-an-empty-bottle-VHqzCkEfA5A
,"video images,film images,film photography images,analogue photography images,hand images,video camera images,camcorder images,super 8 images,sankyo images,silhouette images,Hd blue wallpapers,vinatge camera images,vinatge images,holding camera images,Hd sky wallpapers,photograph images,picture images,photography images,gun images,face images,Free pictures images,night images,movie images,indoor images,librarycollectioncover images,People images & pictures,video images,fotografia cinematografica images,fotografia analogica images,grigio images",person holding video camera,https://images.unsplash.com/photo-1493804714600-6edb1cd93080?q=80&w=5472&auto=format&fit=crop&ixlib=rb-4.0.3&ixid=M3wxMjA3fDB8MHxwaG90by1wYWdlfHx8fGVufDB8fHx8fA%3D%3D,https://unsplash.com/photos/person-holding-video-camera-4qGbMEZb56c
,"clapperboard images,short film images,industry images,Chalkboard backgrounds,television industry images,cutting images,wood - material images,motion images,black color images,panoramic images,greece images,producer images,director images,clip art images,illustration images,symbol images,hollywood - california images,cut out images,non-urban scene images,text images,Creative Commons images images,rt-film images,film images,photography images,man images,horizontal images,equipment images,filmend images,Fotografie images,People images & pictures",Movie clapper on wooden background. 3d illustration,https://plus.unsplash.com/premium_photo-1682125771198-f7cbed7cb868?q=80&w=6000&auto=format&fit=crop&ixlib=rb-4.0.3&ixid=M3wxMjA3fDB8MHxwaG90by1wYWdlfHx8fGVufDB8fHx8fA%3D%3D,https://unsplash.com/photos/movie-clapper-on-wooden-background-3d-illustration-LqjwbiEK9Y0
,"video images,film images,tech images,Light backgrounds,Light backgrounds,lines images,nightime images,dp images,video camera images,Alexa images,alexa mini images,video gear images,behind the scenes images,technology images,production images,motion images,action images,lighting images,stage images,Hd glitter wallpapers,Creative Commons images images,outdoor images,Winter images & pictures,Hd snow wallpapers,film images,camera images,video camera images,human images,Light backgrounds,People images & pictures",low angle photo of black and gray video camera,https://images.unsplash.com/photo-1490971588422-52f6262a237a?q=80&w=3648&auto=format&fit=crop&ixlib=rb-4.0.3&ixid=M3wxMjA3fDB8MHxwaG90by1wYWdlfHx8fGVufDB8fHx8fA%3D%3D,https://unsplash.com/photos/low-angle-photo-of-black-and-gray-video-camera-HuNenPCNG84
,"film images,national cinema museum images,torino images,Italy pictures & images,work in progress images,camera film images,process film images,old fashion images,tool images,Hd art wallpapers,patching images,movie images,table images,analogic images,tools images,photography images,photographer images,lab images,Brown backgrounds,bowl images,HD Wallpapers images,magazine images,photographer images,camera images,starlette images,hollywood images,los angeles images,cinema images,Hd screen wallpapers,film images",film tape on floor,https://images.unsplash.com/photo-1529798856831-427dfd0a1ab1?q=80&w=4000&auto=format&fit=crop&ixlib=rb-4.0.3&ixid=M3wxMjA3fDB8MHxwaG90by1wYWdlfHx8fGVufDB8fHx8fA%3D%3D,https://unsplash.com/photos/film-tape-on-floor-WG1HNF8PGHo
,"acting images,clapper images,action images,shooting images,clapperboards images,Hd ipad wallpapers,lights camera action images,filmmaking gear images,directors images,films images,on set images,set life images,canon images,human images,People images & pictures,People images & pictures,couch images,furniture images,gambling images,game images,Free stock photos images,hoistcapital images,human images,People images & pictures,cinema images,camera images,red camera images,human images,Hd grey wallpapers,product images",person holding clapperboard,https://images.unsplash.com/photo-1515634928627-2a4e0dae3ddf?q=80&w=5760&auto=format&fit=crop&ixlib=rb-4.0.3&ixid=M3wxMjA3fDB8MHxwaG90by1wYWdlfHx8fGVufDB8fHx8fA%3D%3D,https://unsplash.com/photos/person-holding-clapperboard-Hn3S90f6aak
,"movie images,film images,films images,pictures images,footages images,8mm movie images,8mm movies images,8mm films images,old footage images,Brown backgrounds,reel images,wristwatch images,Free pictures images,cultural images,gri images,persona images,Summer images & pictures,human images,Sports images,bt images,film images,text images",four reel films lying on white table,https://images.unsplash.com/photo-1542204165-65bf26472b9b?q=80&w=5184&auto=format&fit=crop&ixlib=rb-4.0.3&ixid=M3wxMjA3fDB8MHxwaG90by1wYWdlfHx8fGVufDB8fHx8fA%3D%3D,https://unsplash.com/photos/four-reel-films-lying-on-white-table-Lq6rcifGjOU
,"theater images,coronavirus images,covid images,pandemic images,omicron images,covid19 images,current events images,night images,indoor images,Hd black wallpapers,darkness images,seats images,Hd red wallpapers,Light backgrounds,seatting images,chiars images,red chairs images,Website backgrounds,chairs images,deserted images,Public domain images images,filmowe images,movie images,cinema images,human images,Hd grey wallpapers,Women images & pictures,movie images,set images,filming images",red cinema chair,https://images.unsplash.com/photo-1489599849927-2ee91cede3ba?q=80&w=6000&auto=format&fit=crop&ixlib=rb-4.0.3&ixid=M3wxMjA3fDB8MHxwaG90by1wYWdlfHx8fGVufDB8fHx8fA%3D%3D,https://unsplash.com/photos/red-cinema-chair-evlkOfkQ5rE
,"film images,cinema images,Hd grey wallpapers,netherlands images,roll images,cinematography images,monochrome images,minimal images,curl images,movie images,HD Wallpapers images,film images,indoor images,room images,other images,human images,hair images,cinema images,film images,human images",photography of camera reel film,https://images.unsplash.com/photo-1518676590629-3dcbd9c5a5c9?q=80&w=1728&auto=format&fit=crop&ixlib=rb-4.0.3&ixid=M3wxMjA3fDB8MHxwaG90by1wYWdlfHx8fGVufDB8fHx8fA%3D%3D,https://unsplash.com/photos/photography-of-camera-reel-film-9lTUAlNB87M
,"take photo images,film images,Hd retro wallpapers,film camera images,camera images,camera lens images,film photography images,80s images,80's and 90's nostalgia images,polaroid images,photography images,electronics images,People images & pictures,finger images,hand images,Women images & pictures,adult images,female images,head images,face images,Creative Commons images images,camera images,electronic images,film images,outdoor images,Hd wallpapers,Summer images & pictures,Foto machen images,People images & pictures,Erwachsene images",a woman taking a picture with a camera,https://plus.unsplash.com/premium_photo-1687382111310-980cd01073c6?q=80&w=6000&auto=format&fit=crop&ixlib=rb-4.0.3&ixid=M3wxMjA3fDB8MHxwaG90by1wYWdlfHx8fGVufDB8fHx8fA%3D%3D,https://unsplash.com/photos/a-woman-taking-a-picture-with-a-camera-MLtWscUXVK0
,"movie images,film images,video images,cinema images,clapper board images,blog images,Website backgrounds,caucasian images,Blur backgrounds,bokeh images,hold images,man images,action images,Tree images & pictures,narrative film images,los angeles images,film slate images,Sunset images & pictures,production images,Hd grey wallpapers,Free stock photos images,mood images,blog images,road images,video images,electronic images,Hd phone wallpapers,plant images,pollen images,Flower images",clap board roadside Jakob and Ryan,https://images.unsplash.com/photo-1485846234645-a62644f84728?q=80&w=5398&auto=format&fit=crop&ixlib=rb-4.0.3&ixid=M3wxMjA3fDB8MHxwaG90by1wYWdlfHx8fGVufDB8fHx8fA%3D%3D,https://unsplash.com/photos/clap-board-roadside-jakob-and-ryan-CiUR8zISX60
,"film images,Hd retro wallpapers,movie images,projector images,cinema images,reel images,classic images,record images,vinyl images,old images,tech images,technology images,antique images,video images,Hq background images,symmetrical images,film projector images,handgun images,weapon images,gun images,Creative Commons images images,Hd modern wallpapers,building images,architecture images,film images,camera images,movie images,bogart images,Food images & pictures,sushi images",two reels,https://images.unsplash.com/photo-1440404653325-ab127d49abc1?q=80&w=4896&auto=format&fit=crop&ixlib=rb-4.0.3&ixid=M3wxMjA3fDB8MHxwaG90by1wYWdlfHx8fGVufDB8fHx8fA%3D%3D,https://unsplash.com/photos/two-reels-2uwFEAGUm6E
,"a7iii images,sonyalpha images,a6300 images,camera equipment images,wire images,field monitor images,smallhd images,a7sii images,sony camera images,setup images,a7riii images,sony images,camera setup images,colorful images,mic images,mood images,bts images,monitor images,hair images,Hd grey wallpapers,Backgrounds images,Light backgrounds,Fireworks images & pictures,stage images,film images,monitor images,Hd screen wallpapers,human images,Hd grey wallpapers,Music images & pictures",selective focus photo of turned-on black video camera,https://images.unsplash.com/photo-1534684686641-05569203ecca?q=80&w=6479&auto=format&fit=crop&ixlib=rb-4.0.3&ixid=M3wxMjA3fDB8MHxwaG90by1wYWdlfHx8fGVufDB8fHx8fA%3D%3D,https://unsplash.com/photos/selective-focus-photo-of-turned-on-black-video-camera-8cYwYgasSis
,"music video images,operator images,video images,film studio images,photography images,adult images,image focus technique images,Hd blue wallpapers,camera stabilizer images,russia images,photographer images,movie images,occupation images,lighting images,male images,camera images,electronics images,head images,face images,hat images,Free images images,man images,photography images,photographer images,People images & pictures,Fotografie images,horizontal images,movie images,film images,photography images",Serious young cameraman with steadicam standing against spotlight in studio lit by blue light and full of smoke during video shooting,https://plus.unsplash.com/premium_photo-1682146739433-5926577acb7a?q=80&w=5504&auto=format&fit=crop&ixlib=rb-4.0.3&ixid=M3wxMjA3fDB8MHxwaG90by1wYWdlfHx8fGVufDB8fHx8fA%3D%3D,https://unsplash.com/photos/serious-young-cameraman-with-steadicam-standing-against-spotlight-in-studio-lit-by-blue-light-and-full-of-smoke-during-video-shooting-MCQr1aVGvjs
,"behind the scenes images,photography images,camera operator images,movie images,adult images,business images,backstage images,three people images,selective focus images,equipment images,camera stabilizer images,Women images & pictures,preparation images,russia images,photographer images,device screen images,occupation images,horizontal images,photographing images,wristwatch images,Creative Commons images images,rt-actor images,man images,Women images & pictures,rt-doc images,doc images,Women images & pictures,film images,filmmaking images,camera images",Young man with videocamera standing in studio in front of his assistant with documents and female model taking part in commercial shooting,https://plus.unsplash.com/premium_photo-1682146720153-4d5bdf56f143?q=80&w=8256&auto=format&fit=crop&ixlib=rb-4.0.3&ixid=M3wxMjA3fDB8MHxwaG90by1wYWdlfHx8fGVufDB8fHx8fA%3D%3D,https://unsplash.com/photos/young-man-with-videocamera-standing-in-studio-in-front-of-his-assistant-with-documents-and-female-model-taking-part-in-commercial-shooting-ZV6LL105bCM
,"freeman high school images,rockford images,united states images,news images,Website backgrounds,film set images,camera images,tech images,filmmaking images,film camera images,fs7 images,big images,Light backgrounds,video production images,cinema images,set images,technology images,equipment images,filming images,blog images,Free pictures images,ag images,People images & pictures,tech images,meeting images,human images,electronic images,hortum images,video images,camera images",person sitting in front bookshelf,https://images.unsplash.com/photo-1497015289639-54688650d173?q=80&w=5760&auto=format&fit=crop&ixlib=rb-4.0.3&ixid=M3wxMjA3fDB8MHxwaG90by1wYWdlfHx8fGVufDB8fHx8fA%3D%3D,https://unsplash.com/photos/person-sitting-in-front-bookshelf-KieCLNzKoBo
